[
    {
        "medicine_name": "Paracetamol",
        "medicine_salt": "Acetaminophen",
        "medicine_mfg": "ABC Pharma",
        "medicine_expiration": "2024-12-31",
        "medicine_usage": "Pain relief, fever reduction",
        "medicine_storing_place": "Cool, dry place",
        "best_time_to_take_medicine": "After meals",
        "medicine_dosage": "500 mg",
        "medicine_side_effects": "Nausea, rash",
        "medicine_prescription_required": "No"
    },
    {
        "medicine_name": "Ibuprofen",
        "medicine_salt": "Ibuprofen",
        "medicine_mfg": "XYZ Labs",
        "medicine_expiration": "2025-05-20",
        "medicine_usage": "Pain relief, inflammation reduction",
        "medicine_storing_place": "Room temperature",
        "best_time_to_take_medicine": "With food or milk",
        "medicine_dosage": "200 mg",
        "medicine_side_effects": "Stomach pain, dizziness",
        "medicine_prescription_required": "No"
    },
    {
        "medicine_name": "Amoxicillin",
        "medicine_salt": "Amoxicillin",
        "medicine_mfg": "HealthCorp",
        "medicine_expiration": "2023-11-15",
        "medicine_usage": "Bacterial infections",
        "medicine_storing_place": "Refrigerator",
        "best_time_to_take_medicine": "At regular intervals",
        "medicine_dosage": "500 mg",
        "medicine_side_effects": "Diarrhea, allergic reactions",
        "medicine_prescription_required": "Yes"
    },
    {
        "medicine_name": "Cetirizine",
        "medicine_salt": "Cetirizine hydrochloride",
        "medicine_mfg": "AllergyMeds Inc.",
        "medicine_expiration": "2024-08-10",
        "medicine_usage": "Allergy relief",
        "medicine_storing_place": "Cool, dry place",
        "best_time_to_take_medicine": "Before bedtime",
        "medicine_dosage": "10 mg",
        "medicine_side_effects": "Drowsiness, dry mouth",
        "medicine_prescription_required": "No"
    },
    {
        "medicine_name": "Metformin",
        "medicine_salt": "Metformin hydrochloride",
        "medicine_mfg": "DiabetesCare",
        "medicine_expiration": "2024-07-30",
        "medicine_usage": "Blood sugar control in diabetes",
        "medicine_storing_place": "Room temperature",
        "best_time_to_take_medicine": "With meals",
        "medicine_dosage": "500 mg",
        "medicine_side_effects": "Nausea, vomiting",
        "medicine_prescription_required": "Yes"
    },
    {
        "medicine_name": "Atorvastatin",
        "medicine_salt": "Atorvastatin calcium",
        "medicine_mfg": "CardioHealth",
        "medicine_expiration": "2025-09-15",
        "medicine_usage": "Cholesterol reduction",
        "medicine_storing_place": "Room temperature",
        "best_time_to_take_medicine": "At bedtime",
        "medicine_dosage": "10 mg",
        "medicine_side_effects": "Muscle pain, headache",
        "medicine_prescription_required": "Yes"
    },
    {
        "medicine_name": "Omeprazole",
        "medicine_salt": "Omeprazole",
        "medicine_mfg": "GastroCare",
        "medicine_expiration": "2024-04-10",
        "medicine_usage": "Acid reflux, GERD",
        "medicine_storing_place": "Room temperature",
        "best_time_to_take_medicine": "Before meals",
        "medicine_dosage": "20 mg",
        "medicine_side_effects": "Headache, stomach pain",
        "medicine_prescription_required": "No"
    },
    {
        "medicine_name": "Lisinopril",
        "medicine_salt": "Lisinopril",
        "medicine_mfg": "HeartWell",
        "medicine_expiration": "2025-03-25",
        "medicine_usage": "Blood pressure control",
        "medicine_storing_place": "Room temperature",
        "best_time_to_take_medicine": "Morning",
        "medicine_dosage": "10 mg",
        "medicine_side_effects": "Cough, dizziness",
        "medicine_prescription_required": "Yes"
    },
    {
        "medicine_name": "Levothyroxine",
        "medicine_salt": "Levothyroxine sodium",
        "medicine_mfg": "ThyroidHealth",
        "medicine_expiration": "2024-11-05",
        "medicine_usage": "Thyroid hormone replacement",
        "medicine_storing_place": "Room temperature",
        "best_time_to_take_medicine": "Before breakfast",
        "medicine_dosage": "50 mcg",
        "medicine_side_effects": "Weight loss, anxiety",
        "medicine_prescription_required": "Yes"
    },
    {
        "medicine_name": "Amlodipine",
        "medicine_salt": "Amlodipine besylate",
        "medicine_mfg": "BPControl Inc.",
        "medicine_expiration": "2025-06-18",
        "medicine_usage": "Blood pressure control",
        "medicine_storing_place": "Room temperature",
        "best_time_to_take_medicine": "Morning",
        "medicine_dosage": "5 mg",
        "medicine_side_effects": "Swelling, fatigue",
        "medicine_prescription_required": "Yes"
    },
    {
        "medicine_name": "Azithromycin",
        "medicine_salt": "Azithromycin dihydrate",
        "medicine_mfg": "Antibiotica",
        "medicine_expiration": "2024-10-22",
        "medicine_usage": "Bacterial infections",
        "medicine_storing_place": "Room temperature",
        "best_time_to_take_medicine": "With or without food",
        "medicine_dosage": "250 mg",
        "medicine_side_effects": "Diarrhea, nausea",
        "medicine_prescription_required": "Yes"
    },
    {
        "medicine_name": "Clopidogrel",
        "medicine_salt": "Clopidogrel bisulfate",
        "medicine_mfg": "ThrombosisCare",
        "medicine_expiration": "2025-01-30",
        "medicine_usage": "Blood thinner",
        "medicine_storing_place": "Room temperature",
        "best_time_to_take_medicine": "At the same time daily",
        "medicine_dosage": "75 mg",
        "medicine_side_effects": "Bleeding, bruising",
        "medicine_prescription_required": "Yes"
    },
    {
        "medicine_name": "Pantoprazole",
        "medicine_salt": "Pantoprazole sodium",
        "medicine_mfg": "AcidControl",
        "medicine_expiration": "2024-09-17",
        "medicine_usage": "Acid reflux, GERD",
        "medicine_storing_place": "Room temperature",
        "best_time_to_take_medicine": "Before breakfast",
        "medicine_dosage": "40 mg",
        "medicine_side_effects": "Headache, diarrhea",
        "medicine_prescription_required": "Yes"
    },
    {
        "medicine_name": "Losartan",
        "medicine_salt": "Losartan potassium",
        "medicine_mfg": "Hypertension Solutions",
        "medicine_expiration": "2025-04-12",
        "medicine_usage": "Blood pressure control",
        "medicine_storing_place": "Room temperature",
        "best_time_to_take_medicine": "Morning",
        "medicine_dosage": "50 mg",
        "medicine_side_effects": "Dizziness, back pain",
        "medicine_prescription_required": "Yes"
    },
    {
        "medicine_name": "Metoprolol",
        "medicine_salt": "Metoprolol tartrate",
        "medicine_mfg": "HeartCare",
        "medicine_expiration": "2024-12-01",
        "medicine_usage": "Blood pressure control, angina",
        "medicine_storing_place": "Room temperature",
        "best_time_to_take_medicine": "With food",
        "medicine_dosage": "100 mg",
        "medicine_side_effects": "Fatigue, depression",
        "medicine_prescription_required": "Yes"
    },
    {
        "medicine_name": "Sertraline",
        "medicine_salt": "Sertraline hydrochloride",
        "medicine_mfg": "MentalHealth Pharma",
        "medicine_expiration": "2025-07-10",
        "medicine_usage": "Depression, anxiety",
        "medicine_storing_place": "Room temperature",
        "best_time_to_take_medicine": "Morning",
        "medicine_dosage": "50 mg",
        "medicine_side_effects": "Insomnia, dry mouth",
        "medicine_prescription_required": "Yes"
    },
    {
        "medicine_name": "Simvastatin",
        "medicine_salt": "Simvastatin",
        "medicine_mfg": "CholesterolCare",
        "medicine_expiration": "2024-11-08",
        "medicine_usage": "Cholesterol reduction",
        "medicine_storing_place": "Room temperature",
        "best_time_to_take_medicine": "Evening",
        "medicine_dosage": "20 mg",
        "medicine_side_effects": "Muscle pain, digestive problems",
        "medicine_prescription_required": "Yes"
    },
    {
        "medicine_name": "Esomeprazole",
        "medicine_salt": "Esomeprazole magnesium",
        "medicine_mfg": "GastroRelief",
        "medicine_expiration": "2025-03-02",
        "medicine_usage": "Acid reflux, GERD",
        "medicine_storing_place": "Room temperature",
        "best_time_to_take_medicine": "Before meals",
        "medicine_dosage": "40 mg",
        "medicine_side_effects": "Headache, diarrhea",
        "medicine_prescription_required": "Yes"
    },
    {
        "medicine_name": "Montelukast",
        "medicine_salt": "Montelukast sodium",
        "medicine_mfg": "RespiraCare",
        "medicine_expiration": "2024-06-20",
        "medicine_usage": "Asthma, allergies",
        "medicine_storing_place": "Room temperature",
        "best_time_to_take_medicine": "Evening",
        "medicine_dosage": "10 mg",
        "medicine_side_effects": "Headache, stomach pain",
        "medicine_prescription_required": "Yes"
    },
    {
        "medicine_name": "Doxycycline",
        "medicine_salt": "Doxycycline hyclate",
        "medicine_mfg": "Antibiotics Inc.",
        "medicine_expiration": "2024-05-25",
        "medicine_usage": "Bacterial infections",
        "medicine_storing_place": "Room temperature",
        "best_time_to_take_medicine": "With a full glass of water",
        "medicine_dosage": "100 mg",
        "medicine_side_effects": "Nausea, photosensitivity",
        "medicine_prescription_required": "Yes"
    },
    {
        "medicine_name": "Hydrochlorothiazide",
        "medicine_salt": "Hydrochlorothiazide",
        "medicine_mfg": "WaterPill Pharma",
        "medicine_expiration": "2025-08-15",
        "medicine_usage": "Blood pressure control, edema",
        "medicine_storing_place": "Room temperature",
        "best_time_to_take_medicine": "Morning",
        "medicine_dosage": "25 mg",
        "medicine_side_effects": "Dizziness, headache",
        "medicine_prescription_required": "Yes"
    },
    {
        "medicine_name": "Tramadol",
        "medicine_salt": "Tramadol hydrochloride",
        "medicine_mfg": "PainRelief Corp.",
        "medicine_expiration": "2024-02-18",
        "medicine_usage": "Moderate to severe pain",
        "medicine_storing_place": "Room temperature",
        "best_time_to_take_medicine": "With or without food",
        "medicine_dosage": "50 mg",
        "medicine_side_effects": "Dizziness, constipation",
        "medicine_prescription_required": "Yes"
    },
    {
        "medicine_name": "Furosemide",
        "medicine_salt": "Furosemide",
        "medicine_mfg": "Diuretic Solutions",
        "medicine_expiration": "2025-10-05",
        "medicine_usage": "Edema, hypertension",
        "medicine_storing_place": "Room temperature",
        "best_time_to_take_medicine": "Morning",
        "medicine_dosage": "40 mg",
        "medicine_side_effects": "Frequent urination, dizziness",
        "medicine_prescription_required": "Yes"
    },
    {
        "medicine_name": "Warfarin",
        "medicine_salt": "Warfarin sodium",
        "medicine_mfg": "Anticoagulant Pharma",
        "medicine_expiration": "2024-09-12",
        "medicine_usage": "Blood thinner",
        "medicine_storing_place": "Room temperature",
        "best_time_to_take_medicine": "Same time daily",
        "medicine_dosage": "5 mg",
        "medicine_side_effects": "Bleeding, bruising",
        "medicine_prescription_required": "Yes"
    },
    {
        "medicine_name": "Gabapentin",
        "medicine_salt": "Gabapentin",
        "medicine_mfg": "NeuroCare",
        "medicine_expiration": "2025-02-28",
        "medicine_usage": "Nerve pain, seizures",
        "medicine_storing_place": "Room temperature",
        "best_time_to_take_medicine": "Evening",
        "medicine_dosage": "300 mg",
        "medicine_side_effects": "Drowsiness, dizziness",
        "medicine_prescription_required": "Yes"
    },
    {
        "medicine_name": "Prednisone",
        "medicine_salt": "Prednisone",
        "medicine_mfg": "SteroidPharma",
        "medicine_expiration": "2024-08-14",
        "medicine_usage": "Inflammation, allergies",
        "medicine_storing_place": "Room temperature",
        "best_time_to_take_medicine": "Morning",
        "medicine_dosage": "20 mg",
        "medicine_side_effects": "Weight gain, insomnia",
        "medicine_prescription_required": "Yes"
    },
    {
        "medicine_name": "Venlafaxine",
        "medicine_salt": "Venlafaxine hydrochloride",
        "medicine_mfg": "MoodCare",
        "medicine_expiration": "2025-11-11",
        "medicine_usage": "Depression, anxiety",
        "medicine_storing_place": "Room temperature",
        "best_time_to_take_medicine": "With food",
        "medicine_dosage": "75 mg",
        "medicine_side_effects": "Nausea, sweating",
        "medicine_prescription_required": "Yes"
    },
    {
        "medicine_name": "Zolpidem",
        "medicine_salt": "Zolpidem tartrate",
        "medicine_mfg": "SleepWell Inc.",
        "medicine_expiration": "2024-10-28",
        "medicine_usage": "Insomnia",
        "medicine_storing_place": "Room temperature",
        "best_time_to_take_medicine": "Before bedtime",
        "medicine_dosage": "10 mg",
        "medicine_side_effects": "Drowsiness, dizziness",
        "medicine_prescription_required": "Yes"
    },
    {
        "medicine_name": "Fluoxetine",
        "medicine_salt": "Fluoxetine hydrochloride",
        "medicine_mfg": "SSRI Pharma",
        "medicine_expiration": "2025-05-05",
        "medicine_usage": "Depression, anxiety",
        "medicine_storing_place": "Room temperature",
        "best_time_to_take_medicine": "Morning",
        "medicine_dosage": "20 mg",
        "medicine_side_effects": "Nausea, insomnia",
        "medicine_prescription_required": "Yes"
    },
    {
        "medicine_name": "Cyclobenzaprine",
        "medicine_salt": "Cyclobenzaprine hydrochloride",
        "medicine_mfg": "MuscleRelax Inc.",
        "medicine_expiration": "2024-12-06",
        "medicine_usage": "Muscle spasms",
        "medicine_storing_place": "Room temperature",
        "best_time_to_take_medicine": "With or without food",
        "medicine_dosage": "10 mg",
        "medicine_side_effects": "Drowsiness, dry mouth",
        "medicine_prescription_required": "Yes"
    },
    {
        "medicine_name": "Lorazepam",
        "medicine_salt": "Lorazepam",
        "medicine_mfg": "AnxietyRelief",
        "medicine_expiration": "2025-07-22",
        "medicine_usage": "Anxiety, insomnia",
        "medicine_storing_place": "Room temperature",
        "best_time_to_take_medicine": "As needed",
        "medicine_dosage": "1 mg",
        "medicine_side_effects": "Drowsiness, dizziness",
        "medicine_prescription_required": "Yes"
    },
    {
        "medicine_name": "Meloxicam",
        "medicine_salt": "Meloxicam",
        "medicine_mfg": "PainCare",
        "medicine_expiration": "2024-11-13",
        "medicine_usage": "Inflammation, pain",
        "medicine_storing_place": "Room temperature",
        "best_time_to_take_medicine": "With food",
        "medicine_dosage": "15 mg",
        "medicine_side_effects": "Stomach upset, headache",
        "medicine_prescription_required": "Yes"
    },
    {
        "medicine_name": "Ciprofloxacin",
        "medicine_salt": "Ciprofloxacin hydrochloride",
        "medicine_mfg": "Antibiotica Inc.",
        "medicine_expiration": "2024-09-21",
        "medicine_usage": "Bacterial infections",
        "medicine_storing_place": "Room temperature",
        "best_time_to_take_medicine": "With or without food",
        "medicine_dosage": "500 mg",
        "medicine_side_effects": "Nausea, diarrhea",
        "medicine_prescription_required": "Yes"
    },
    {
        "medicine_name": "Trazodone",
        "medicine_salt": "Trazodone hydrochloride",
        "medicine_mfg": "SleepAid Pharma",
        "medicine_expiration": "2025-06-15",
        "medicine_usage": "Depression, insomnia",
        "medicine_storing_place": "Room temperature",
        "best_time_to_take_medicine": "Before bedtime",
        "medicine_dosage": "100 mg",
        "medicine_side_effects": "Drowsiness, dry mouth",
        "medicine_prescription_required": "Yes"
    },
    {
        "medicine_name": "Clonidine",
        "medicine_salt": "Clonidine hydrochloride",
        "medicine_mfg": "BPControl Inc.",
        "medicine_expiration": "2025-01-07",
        "medicine_usage": "Hypertension",
        "medicine_storing_place": "Room temperature",
        "best_time_to_take_medicine": "Morning",
        "medicine_dosage": "0.1 mg",
        "medicine_side_effects": "Drowsiness, dry mouth",
        "medicine_prescription_required": "Yes"
    },
    {
        "medicine_name": "Hydroxyzine",
        "medicine_salt": "Hydroxyzine hydrochloride",
        "medicine_mfg": "AllergyRelief",
        "medicine_expiration": "2024-08-18",
        "medicine_usage": "Allergy relief, anxiety",
        "medicine_storing_place": "Room temperature",
        "best_time_to_take_medicine": "Before bedtime",
        "medicine_dosage": "25 mg",
        "medicine_side_effects": "Drowsiness, dry mouth",
        "medicine_prescription_required": "Yes"
    },
    {
        "medicine_name": "Duloxetine",
        "medicine_salt": "Duloxetine hydrochloride",
        "medicine_mfg": "MoodCare",
        "medicine_expiration": "2025-11-02",
        "medicine_usage": "Depression, anxiety, nerve pain",
        "medicine_storing_place": "Room temperature",
        "best_time_to_take_medicine": "Morning",
        "medicine_dosage": "60 mg",
        "medicine_side_effects": "Nausea, dry mouth",
        "medicine_prescription_required": "Yes"
    },
    {
        "medicine_name": "Acetaminophen/Codeine",
        "medicine_salt": "Acetaminophen, Codeine phosphate",
        "medicine_mfg": "PainRelief Corp.",
        "medicine_expiration": "2024-03-10",
        "medicine_usage": "Pain relief",
        "medicine_storing_place": "Room temperature",
        "best_time_to_take_medicine": "With or without food",
        "medicine_dosage": "300 mg/30 mg",
        "medicine_side_effects": "Drowsiness, nausea",
        "medicine_prescription_required": "Yes"
    },
    {
        "medicine_name": "Alprazolam",
        "medicine_salt": "Alprazolam",
        "medicine_mfg": "AnxietyRelief",
        "medicine_expiration": "2025-09-25",
        "medicine_usage": "Anxiety, panic disorders",
        "medicine_storing_place": "Room temperature",
        "best_time_to_take_medicine": "As needed",
        "medicine_dosage": "0.5 mg",
        "medicine_side_effects": "Drowsiness, dizziness",
        "medicine_prescription_required": "Yes"
    },
    {
        "medicine_name": "Celecoxib",
        "medicine_salt": "Celecoxib",
        "medicine_mfg": "PainCare",
        "medicine_expiration": "2024-07-19",
        "medicine_usage": "Pain, inflammation",
        "medicine_storing_place": "Room temperature",
        "best_time_to_take_medicine": "With food",
        "medicine_dosage": "200 mg",
        "medicine_side_effects": "Stomach pain, diarrhea",
        "medicine_prescription_required": "Yes"
    },
    {
        "medicine_name": "Baclofen",
        "medicine_salt": "Baclofen",
        "medicine_mfg": "MuscleRelax Inc.",
        "medicine_expiration": "2025-04-30",
        "medicine_usage": "Muscle spasms",
        "medicine_storing_place": "Room temperature",
        "best_time_to_take_medicine": "With or without food",
        "medicine_dosage": "10 mg",
        "medicine_side_effects": "Drowsiness, dizziness",
        "medicine_prescription_required": "Yes"
    },
    {
        "medicine_name": "Folic Acid",
        "medicine_salt": "Folic acid",
        "medicine_mfg": "VitaminCare",
        "medicine_expiration": "2025-08-30",
        "medicine_usage": "Vitamin B9 deficiency",
        "medicine_storing_place": "Room temperature",
        "best_time_to_take_medicine": "With food",
        "medicine_dosage": "1 mg",
        "medicine_side_effects": "Nausea, abdominal pain",
        "medicine_prescription_required": "No"
    },
    {
        "medicine_name": "Ranitidine",
        "medicine_salt": "Ranitidine hydrochloride",
        "medicine_mfg": "GastroCare",
        "medicine_expiration": "2024-05-07",
        "medicine_usage": "Acid reflux, ulcers",
        "medicine_storing_place": "Room temperature",
        "best_time_to_take_medicine": "Before meals",
        "medicine_dosage": "150 mg",
        "medicine_side_effects": "Headache, constipation",
        "medicine_prescription_required": "No"
    },
    {
        "medicine_name": "Lansoprazole",
        "medicine_salt": "Lansoprazole",
        "medicine_mfg": "AcidControl",
        "medicine_expiration": "2025-11-20",
        "medicine_usage": "Acid reflux, GERD",
        "medicine_storing_place": "Room temperature",
        "best_time_to_take_medicine": "Before breakfast",
        "medicine_dosage": "30 mg",
        "medicine_side_effects": "Headache, diarrhea",
        "medicine_prescription_required": "Yes"
    },
    {
        "medicine_name": "Atenolol",
        "medicine_salt": "Atenolol",
        "medicine_mfg": "HeartWell",
        "medicine_expiration": "2025-02-17",
        "medicine_usage": "Blood pressure control, angina",
        "medicine_storing_place": "Room temperature",
        "best_time_to_take_medicine": "Morning",
        "medicine_dosage": "50 mg",
        "medicine_side_effects": "Dizziness, fatigue",
        "medicine_prescription_required": "Yes"
    },
    {
        "medicine_name": "Tamsulosin",
        "medicine_salt": "Tamsulosin hydrochloride",
        "medicine_mfg": "ProstateHealth",
        "medicine_expiration": "2024-10-25",
        "medicine_usage": "Benign prostatic hyperplasia",
        "medicine_storing_place": "Room temperature",
        "best_time_to_take_medicine": "30 minutes after meal",
        "medicine_dosage": "0.4 mg",
        "medicine_side_effects": "Dizziness, headache",
        "medicine_prescription_required": "Yes"
    },
    {
        "medicine_name": "Spironolactone",
        "medicine_salt": "Spironolactone",
        "medicine_mfg": "Diuretic Solutions",
        "medicine_expiration": "2025-03-15",
        "medicine_usage": "Edema, hypertension",
        "medicine_storing_place": "Room temperature",
        "best_time_to_take_medicine": "Morning",
        "medicine_dosage": "25 mg",
        "medicine_side_effects": "Dizziness, headache",
        "medicine_prescription_required": "Yes"
    },
    {
        "medicine_name": "Ampicillin",
        "medicine_salt": "Ampicillin trihydrate",
        "medicine_mfg": "Antibiotica",
        "medicine_expiration": "2024-12-20",
        "medicine_usage": "Bacterial infections",
        "medicine_storing_place": "Room temperature",
        "best_time_to_take_medicine": "Before meals",
        "medicine_dosage": "500 mg",
        "medicine_side_effects": "Nausea, rash",
        "medicine_prescription_required": "Yes"
    },
    {
        "medicine_name": "Metronidazole",
        "medicine_salt": "Metronidazole",
        "medicine_mfg": "InfectionControl",
        "medicine_expiration": "2025-04-18",
        "medicine_usage": "Bacterial and protozoal infections",
        "medicine_storing_place": "Room temperature",
        "best_time_to_take_medicine": "With food",
        "medicine_dosage": "400 mg",
        "medicine_side_effects": "Nausea, metallic taste",
        "medicine_prescription_required": "Yes"
    }
]